{
  "occ_gain": 1.1376242096395106,
  "sigma_h": 0.3294728164759856,
  "sigma_v": 0.6384695765491447,
  "blob_cap": 0.516393202250021,
  "merge_gain": 1.8,
  "var_clip": 0.42917960675006306,
  "gain": {
    "0": 1.0,
    "1": 0.9491796067500632,
    "blob": 1.0217906587791261
  }
}