{
  "n_cols": 94,
  "n_rows": 41,
  "pitch_x": 56.0,
  "pitch_y": 74.0,
  "W": 5190,
  "H": 2890,
  "col0": 19,
  "row0": 15,
  "jitter_dx_std": 3.2635723797253293,
  "jitter_dy_std": 3.062381316308351,
  "size_logstd": {
    "0": 0.04089149763350377,
    "1": 0.15361554708191968,
    "blob": 0.14165719885352823
  },
  "global_occ": 0.6824078879086664,
  "counts": {
    "0": 628,
    "1": 1010,
    "blob": 1037,
    "merged": 9
  }
}